Algorithm,Precision,Recall,F1 Score,AUC,LogLoss
XGBoost,0.91,0.9175,0.91,0.8475,4.4825
GBM,0.935,0.885,0.905,0.8674999999999999,4.4725
SVM,0.95,0.8699999999999999,0.9049999999999999,0.88,4.4025
Random Forest,0.915,0.9,0.91,0.85,4.425000000000001
Decision Tree,0.9025,0.9025,0.9025000000000001,0.8474999999999999,4.3475
